month,accounts_total_k,applications,contract_rate_pct,delinquency_ratio_pct,guarantee_mil,installment_mil,loans_outstanding_mil,new_accounts,refund_cash_mil,refund_claims,secured_accounts_k,secured_loans_mil,smallbiz_accounts_k,smallbiz_loans_mil,total_receivables_mil,transferred_loans_mil,unsecured_accounts_k,unsecured_loans_mil
2013-04,614.0,22784.0,43.1,0.458,58507.0,4324.0,280995.0,9822.0,,,21.0,47792.0,8.0,8824.0,343827.0,631.0,584.0,224378.0
2013-05,614.0,23812.0,47.5,0.507,58149.0,4227.0,279505.0,11320.0,,,20.0,46862.0,8.0,8735.0,341882.0,688.0,585.0,223906.0
2013-06,617.0,19479.0,45.4,0.621,87306.0,3959.0,275377.0,8839.0,,,20.0,46574.0,8.0,8516.0,366644.0,678.0,588.0,220285.0
2013-07,601.0,19658.0,44.3,0.613,87066.0,3827.0,272461.0,8710.0,,,19.0,44944.0,8.0,8389.0,363356.0,664.0,572.0,219128.0
2013-08,599.0,20902.0,47.2,0.527,88376.0,3710.0,270374.0,9857.0,,,19.0,44004.0,8.0,8243.0,362461.0,798.0,571.0,218125.0
2013-09,605.0,22551.0,46.6,0.565,88403.0,3542.0,268807.0,10500.0,,,19.0,43498.0,8.0,7902.0,360753.0,662.0,578.0,217405.0
2013-10,594.0,21183.0,45.3,0.559,89537.0,3429.0,267308.0,9604.0,,,18.0,42136.0,8.0,7787.0,360275.0,694.0,567.0,217385.0
2013-11,594.0,20080.0,44.8,0.497,87379.0,3339.0,266570.0,8994.0,,,18.0,41247.0,7.0,7631.0,357290.0,634.0,567.0,217690.0
2013-12,592.0,17738.0,44.7,0.576,86858.0,3123.0,262925.0,7922.0,,,18.0,40511.0,7.0,7464.0,352907.0,667.0,566.0,214948.0
2014-01,585.0,22010.0,42.7,0.534,87174.0,3022.0,261909.0,9407.0,,,17.0,39340.0,7.0,7346.0,352106.0,638.0,559.0,215223.0
2014-02,586.0,22082.0,43.7,0.502,86139.0,2933.0,261644.0,9658.0,,,17.0,38561.0,7.0,7232.0,350717.0,617.0,560.0,215850.0
2014-03,589.0,28010.0,44.2,0.514,87058.0,2845.0,260776.0,12375.0,,,17.0,37610.0,7.0,7093.0,350680.0,554.0,565.0,216072.0
2014-04,584.0,26244.0,43.6,0.515,87456.0,2764.0,260834.0,11450.0,,,16.0,36815.0,7.0,6983.0,351055.0,627.0,559.0,217034.0
2014-05,588.0,29437.0,44.6,0.56,86437.0,2688.0,261763.0,13136.0,,,16.0,36136.0,7.0,6865.0,350889.0,603.0,564.0,218761.0
2014-06,591.0,24306.0,46.8,0.595,85566.0,2537.0,260213.0,11371.0,,,16.0,35158.0,7.0,6702.0,348316.0,580.0,568.0,218352.0
2014-07,587.0,25284.0,45.3,0.623,85092.0,2457.0,259902.0,11466.0,,,15.0,34350.0,7.0,6611.0,347452.0,678.0,564.0,218940.0
2014-08,592.0,27096.0,47.3,0.659,85470.0,2382.0,261038.0,12805.0,,,15.0,33654.0,6.0,6552.0,348890.0,705.0,569.0,220831.0
2014-09,598.0,30391.0,45.7,0.632,85803.0,2267.0,261057.0,13903.0,,,15.0,33163.0,6.0,6444.0,349128.0,690.0,576.0,221448.0
2014-10,597.0,29354.0,44.4,0.674,87442.0,2186.0,261644.0,13022.0,,,15.0,32332.0,6.0,6349.0,351273.0,788.0,575.0,222962.0
2014-11,603.0,28151.0,43.8,0.693,86315.0,2120.0,263277.0,12344.0,,,14.0,31695.0,6.0,6288.0,351712.0,728.0,581.0,225293.0
2014-12,602.0,24934.0,44.9,0.782,84487.0,2013.0,261230.0,11183.0,,,14.0,31161.0,6.0,6168.0,347731.0,817.0,580.0,223901.0
2015-01,602.0,30054.0,44.4,0.71,83991.0,1949.0,262041.0,13344.0,,,14.0,30516.0,6.0,6091.0,347982.0,854.0,582.0,225433.0
2015-02,607.0,28059.0,45.3,0.618,84141.0,1896.0,263353.0,12721.0,,,14.0,29753.0,6.0,6007.0,349391.0,785.0,587.0,227591.0
2015-03,613.0,37041.0,44.2,0.607,83574.0,1820.0,264557.0,16390.0,,,13.0,29274.0,6.0,5890.0,349952.0,816.0,592.0,229391.0
2015-04,614.0,32439.0,44.5,0.587,83117.0,1780.0,266734.0,14433.0,,,13.0,28548.0,6.0,5836.0,351632.0,813.0,594.0,232349.0
2015-05,623.0,36226.0,44.3,0.644,83942.0,1726.0,269710.0,16053.0,,,13.0,27685.0,6.0,5780.0,355379.0,777.0,604.0,236244.0
2015-06,625.0,31304.0,44.1,0.635,83623.0,1639.0,269155.0,13806.0,,,12.0,26763.0,6.0,5678.0,354418.0,707.0,606.0,236713.0
2015-07,625.0,30786.0,45.8,0.663,83537.0,1589.0,270829.0,14110.0,,,12.0,26226.0,6.0,5626.0,355957.0,846.0,607.0,238975.0
2015-08,633.0,31959.0,48.5,0.682,83269.0,1543.0,274263.0,15490.0,,,12.0,25669.0,5.0,5569.0,359075.0,918.0,614.0,243024.0
2015-09,638.0,36117.0,47.2,0.624,83364.0,1476.0,275892.0,17065.0,,,12.0,25051.0,5.0,5438.0,360733.0,878.0,620.0,245403.0
2015-10,641.0,32344.0,47.5,0.645,83260.0,1426.0,279066.0,15357.0,,,11.0,24578.0,5.0,5373.0,363752.0,991.0,624.0,249114.0
2015-11,649.0,30978.0,47.0,0.634,84512.0,1387.0,282829.0,14571.0,,,11.0,24091.0,5.0,5296.0,368729.0,835.0,631.0,253441.0
2015-12,645.0,25377.0,47.5,0.671,84122.0,1307.0,281245.0,12058.0,,,11.0,23497.0,5.0,5214.0,366675.0,1035.0,628.0,252534.0
2016-01,649.0,29046.0,46.7,0.656,83951.0,1278.0,284312.0,13558.0,,,11.0,23050.0,5.0,5176.0,369543.0,1021.0,633.0,256086.0
2016-02,657.0,31856.0,47.8,0.651,84069.0,1239.0,287391.0,15216.0,,,10.0,22385.0,5.0,5137.0,372701.0,1037.0,641.0,259869.0
2016-03,664.0,40109.0,47.2,0.6,83602.0,1194.0,289565.0,18949.0,,,10.0,21839.0,5.0,5070.0,374362.0,1072.0,647.0,262655.0
2016-04,669.0,34125.0,45.9,0.625,83659.0,1166.0,293291.0,15673.0,3435.0,4400.0,10.0,21408.0,5.0,5017.0,378117.0,1093.0,653.0,266865.0
2016-05,679.0,37109.0,47.0,0.701,84042.0,1137.0,298025.0,17458.0,1750.0,4200.0,10.0,21021.0,5.0,4976.0,383205.0,1020.0,664.0,272027.0
2016-06,678.0,29102.0,47.5,0.656,83481.0,1086.0,297777.0,13833.0,2743.0,4200.0,10.0,20441.0,5.0,4887.0,382345.0,1148.0,662.0,272447.0
2016-07,681.0,29632.0,44.8,0.717,83475.0,1059.0,300479.0,13266.0,2312.0,3800.0,9.0,20039.0,5.0,4847.0,385014.0,1199.0,666.0,275592.0
2016-08,689.0,33073.0,47.0,0.718,83692.0,1036.0,304210.0,15557.0,1953.0,3800.0,9.0,19598.0,5.0,4810.0,388939.0,1255.0,673.0,279801.0
2016-09,694.0,39119.0,47.0,0.615,83838.0,994.0,306418.0,18381.0,2189.0,3500.0,9.0,18962.0,5.0,4732.0,391250.0,1185.0,679.0,282724.0
2016-10,702.0,36658.0,46.3,0.701,83643.0,972.0,311217.0,16968.0,2678.0,3500.0,9.0,18520.0,5.0,4698.0,395832.0,1295.0,687.0,287997.0
2016-11,711.0,35319.0,46.5,0.685,83772.0,947.0,316046.0,16435.0,2462.0,3400.0,9.0,18176.0,5.0,4669.0,400766.0,1176.0,697.0,293199.0
2016-12,706.0,28619.0,43.5,0.707,83761.0,916.0,314391.0,12460.0,1751.0,3500.0,9.0,17642.0,5.0,4627.0,399070.0,1396.0,692.0,292122.0
2017-01,711.0,31616.0,41.4,0.733,83942.0,896.0,317373.0,13100.0,1436.0,3200.0,8.0,17310.0,5.0,4624.0,402212.0,1341.0,697.0,295439.0
2017-02,716.0,31012.0,41.8,0.643,84675.0,878.0,319940.0,12966.0,1530.0,2300.0,88.0,16924.0,55.0,4602.0,405493.0,1279.0,702.0,298413.0
2017-03,721.0,37977.0,43.5,0.631,85314.0,857.0,322087.0,16507.0,1835.0,3400.0,,16447.0,,4575.0,408259.0,1556.0,707.0,301063.0
2017-04,727.0,34405.0,42.5,0.733,85665.0,843.0,326132.0,14622.0,2895.0,3700.0,8.0,16086.0,5.0,4629.0,412640.0,1353.0,713.0,305415.0
2017-05,736.0,37579.0,42.0,0.704,86852.0,825.0,330973.0,15788.0,2585.0,3500.0,8.0,15755.0,5.0,4691.0,418650.0,1160.0,722.0,310525.0
2017-06,733.0,32448.0,42.9,0.625,87108.0,801.0,329860.0,13936.0,2062.0,2900.0,8.0,15316.0,5.0,4769.0,417769.0,1311.0,719.0,309774.0
2017-07,739.0,31415.0,47.3,0.8,88216.0,790.0,332792.0,14856.0,2205.0,2200.0,7.0,15004.0,5.0,4853.0,421799.0,1224.0,725.0,312934.0
2017-08,748.0,35023.0,47.4,0.73,89377.0,776.0,336344.0,16601.0,1827.0,2200.0,7.0,14657.0,5.0,4939.0,426498.0,1335.0,734.0,316746.0
2017-09,754.0,40473.0,47.3,0.648,89939.0,760.0,338480.0,19132.0,1334.0,1900.0,7.0,14285.0,5.0,4944.0,429179.0,1226.0,741.0,319250.0
2017-10,764.0,38036.0,46.4,0.739,90903.0,745.0,343469.0,17666.0,2701.0,1700.0,7.0,13927.0,6.0,5031.0,435119.0,1480.0,750.0,324510.0
2017-11,775.0,36590.0,45.9,0.735,91695.0,734.0,348347.0,16785.0,1759.0,1500.0,7.0,13624.0,6.0,5185.0,440777.0,1303.0,761.0,329538.0
2017-12,771.0,29005.0,47.3,0.731,91706.0,718.0,346707.0,13709.0,2086.0,1800.0,7.0,13232.0,6.0,5362.0,439132.0,1572.0,758.0,328112.0
2018-01,781.0,35267.0,45.8,0.751,92215.0,706.0,351279.0,16159.0,1012.0,1900.0,7.0,12974.0,6.0,5521.0,444201.0,1514.0,767.0,332783.0
2018-02,790.0,35376.0,45.9,0.622,93324.0,695.0,355671.0,16249.0,986.0,1200.0,7.0,12677.0,6.0,5712.0,449692.0,1281.0,776.0,337281.0
2018-03,802.0,47399.0,46.5,0.607,93781.0,503.0,360031.0,22062.0,1362.0,1300.0,6.0,12403.0,6.0,5850.0,454316.0,1559.0,788.0,341777.0
2018-04,812.0,40402.0,44.9,0.689,94553.0,496.0,365323.0,18155.0,2201.0,1400.0,6.0,12129.0,7.0,6046.0,460373.0,1291.0,798.0,347147.0
2018-05,826.0,43090.0,48.2,0.671,95243.0,487.0,371039.0,20779.0,2655.0,1400.0,6.0,11814.0,7.0,6255.0,466770.0,1174.0,811.0,352969.0
2018-06,822.0,32585.0,46.2,0.715,95722.0,470.0,370147.0,15059.0,1399.0,1600.0,6.0,11553.0,7.0,6383.0,466339.0,1345.0,808.0,352210.0
2018-07,828.0,33217.0,45.3,0.779,97179.0,464.0,373285.0,15037.0,1511.0,1600.0,6.0,11275.0,7.0,6629.0,470929.0,1290.0,813.0,355380.0
2018-08,838.0,38646.0,46.0,0.732,98773.0,454.0,377576.0,17776.0,884.0,1700.0,6.0,11022.0,8.0,6844.0,476803.0,1597.0,824.0,359709.0
2018-09,844.0,41314.0,46.3,0.674,99339.0,446.0,380036.0,19127.0,730.0,1500.0,6.0,10748.0,8.0,6961.0,479822.0,1358.0,830.0,362327.0
2018-10,854.0,38806.0,45.9,0.74,100388.0,436.0,385492.0,17806.0,1148.0,1400.0,6.0,10505.0,8.0,7168.0,486317.0,1640.0,839.0,367818.0
2018-11,863.0,34614.0,45.5,0.703,101587.0,431.0,389984.0,15760.0,940.0,1200.0,5.0,10278.0,8.0,7356.0,492003.0,1573.0,848.0,372349.0
2018-12,857.0,28219.0,42.8,0.781,102323.0,418.0,387616.0,12088.0,963.0,1100.0,5.0,9965.0,8.0,7462.0,490359.0,1754.0,843.0,370189.0
2019-01,863.0,32152.0,43.6,0.736,103394.0,413.0,390582.0,14023.0,704.0,900.0,5.0,9763.0,8.0,7612.0,494390.0,1803.0,848.0,373206.0
2019-02,871.0,33523.0,45.0,0.585,105057.0,408.0,394754.0,15088.0,794.0,900.0,5.0,9545.0,9.0,7766.0,500220.0,1649.0,857.0,377441.0
2019-03,876.0,43911.0,42.5,0.688,106440.0,402.0,396540.0,18655.0,1833.0,1000.0,5.0,9306.0,9.0,7915.0,503382.0,1784.0,861.0,379317.0
2019-04,884.0,38152.0,42.4,0.675,106969.0,396.0,400180.0,16183.0,1377.0,1100.0,5.0,9075.0,9.0,8004.0,507545.0,1250.0,870.0,383100.0
2019-05,896.0,44008.0,44.0,0.684,107858.0,389.0,403776.0,19347.0,1130.0,1200.0,5.0,8854.0,9.0,8043.0,512024.0,1403.0,882.0,386878.0
2019-06,889.0,35224.0,43.1,0.752,107707.0,373.0,401289.0,15173.0,898.0,1100.0,5.0,8571.0,9.0,7957.0,509371.0,1505.0,875.0,384760.0
2019-07,895.0,36847.0,41.5,0.879,108105.0,369.0,405221.0,15301.0,1218.0,1200.0,5.0,8386.0,9.0,7976.0,513696.0,1500.0,881.0,388858.0
2019-08,905.0,41098.0,42.7,0.679,110446.0,362.0,411009.0,17556.0,504.0,1100.0,4.0,8185.0,9.0,8009.0,521818.0,1724.0,891.0,394814.0
2019-09,910.0,46658.0,43.7,0.758,111797.0,352.0,414199.0,20385.0,763.0,1000.0,4.0,7980.0,9.0,8009.0,526349.0,1662.0,896.0,398209.0
2019-10,918.0,41232.0,42.9,0.774,113115.0,348.0,419780.0,17682.0,1295.0,1100.0,4.0,7771.0,9.0,8098.0,533243.0,1590.0,905.0,403910.0
2019-11,930.0,39023.0,43.6,0.701,115071.0,345.0,426554.0,17029.0,1227.0,1000.0,4.0,7582.0,9.0,8196.0,541971.0,1806.0,917.0,410775.0
2019-12,924.0,30755.0,44.9,0.801,116833.0,336.0,424198.0,13797.0,1315.0,1000.0,4.0,7322.0,9.0,8172.0,541367.0,1931.0,910.0,408703.0
2020-01,931.0,34404.0,45.7,0.732,118367.0,332.0,428338.0,15715.0,782.0,1100.0,4.0,7131.0,9.0,8258.0,547038.0,1927.0,918.0,412948.0
2020-02,944.0,38629.0,45.8,0.686,120080.0,327.0,434921.0,17677.0,803.0,900.0,4.0,7376.0,9.0,8318.0,555329.0,1850.0,930.0,419227.0
2020-03,950.0,45684.0,44.5,0.707,122262.0,325.0,437679.0,20310.0,2516.0,1000.0,4.0,6958.0,9.0,8338.0,560267.0,1965.0,937.0,422382.0
2020-04,952.0,33066.0,38.7,0.776,123060.0,321.0,439436.0,12806.0,1147.0,1000.0,4.0,6768.0,9.0,8309.0,562818.0,1739.0,939.0,424358.0
2020-05,949.0,19155.0,40.1,0.852,123366.0,318.0,438744.0,7688.0,779.0,900.0,3.0,6623.0,9.0,8202.0,562430.0,1746.0,936.0,423919.0
2020-06,925.0,18591.0,41.1,0.823,120720.0,302.0,429315.0,7640.0,758.0,900.0,3.0,6408.0,8.0,7825.0,550338.0,1895.0,912.0,415081.0
2020-07,919.0,25752.0,40.0,0.793,120790.0,297.0,426587.0,10288.0,515.0,800.0,3.0,6084.0,8.0,7691.0,547676.0,1952.0,907.0,412811.0
2020-08,923.0,31095.0,41.1,0.677,121352.0,295.0,428767.0,12786.0,843.0,1000.0,3.0,5909.0,8.0,7625.0,550414.0,1911.0,910.0,415232.0
2020-09,917.0,37487.0,41.0,0.603,122782.0,291.0,426950.0,15372.0,892.0,800.0,3.0,5762.0,8.0,7491.0,550024.0,1642.0,905.0,413696.0
2020-10,926.0,41518.0,41.5,0.648,124183.0,287.0,431175.0,17241.0,1355.0,800.0,3.0,5398.0,8.0,7483.0,555646.0,1581.0,914.0,418293.0
2020-11,936.0,41627.0,41.7,0.727,125589.0,284.0,436335.0,17349.0,898.0,900.0,3.0,5264.0,8.0,7518.0,562209.0,1461.0,924.0,423553.0
2020-12,926.0,36994.0,39.2,0.782,127610.0,278.0,432664.0,14501.0,1495.0,800.0,3.0,5247.0,8.0,7516.0,560553.0,1772.0,914.0,419900.0
2021-01,932.0,38827.0,39.0,0.769,128989.0,276.0,436373.0,15146.0,897.0,600.0,3.0,4946.0,8.0,7579.0,565639.0,1906.0,921.0,423847.0
2021-02,937.0,32775.0,40.7,0.729,130856.0,273.0,439080.0,13342.0,1115.0,700.0,2.0,4818.0,8.0,7617.0,570210.0,1834.0,925.0,426644.0
2021-03,933.0,44450.0,38.1,0.784,133501.0,268.0,438300.0,16952.0,917.0,700.0,2.0,4813.0,8.0,7638.0,572070.0,2012.0,922.0,425848.0
2021-04,940.0,42862.0,37.5,0.703,135598.0,264.0,442002.0,16054.0,933.0,600.0,2.0,4167.0,8.0,8241.0,577865.0,2017.0,928.0,429593.0
2021-05,949.0,46466.0,37.0,0.955,137782.0,261.0,445867.0,17201.0,858.0,600.0,2.0,4589.0,8.0,7813.0,583912.0,2039.0,937.0,433464.0
2021-06,939.0,42733.0,35.8,0.714,139485.0,250.0,442105.0,15307.0,729.0,700.0,2.0,4401.0,8.0,7829.0,581841.0,2083.0,927.0,429874.0
2021-07,944.0,43573.0,34.8,0.92,141619.0,249.0,444650.0,15170.0,711.0,600.0,2.0,4305.0,8.0,7934.0,586518.0,2157.0,933.0,432409.0
2021-08,951.0,49726.0,33.9,0.82,143701.0,247.0,447649.0,16869.0,541.0,700.0,2.0,4197.0,8.0,8036.0,591598.0,1994.0,940.0,435415.0
2021-09,947.0,55997.0,33.0,0.726,146111.0,241.0,446352.0,18505.0,384.0,600.0,2.0,4079.0,8.0,8027.0,592705.0,2131.0,936.0,434245.0
2021-10,958.0,57794.0,31.1,0.788,148404.0,239.0,451886.0,17957.0,647.0,600.0,2.0,3984.0,8.0,8139.0,600530.0,1907.0,946.0,439762.0
2021-11,969.0,61101.0,32.0,0.835,150242.0,238.0,457171.0,19536.0,604.0,700.0,2.0,3892.0,9.0,8272.0,607652.0,1579.0,958.0,445006.0
2021-12,959.0,54399.0,30.2,0.892,151527.0,233.0,452723.0,16405.0,929.0,600.0,2.0,3783.0,9.0,8329.0,604484.0,1983.0,948.0,440609.0
2022-01,969.0,59504.0,29.4,0.86,152868.0,232.0,457333.0,17466.0,594.0,500.0,2.0,3701.0,9.0,8485.0,610434.0,2044.0,957.0,445145.0
2022-02,977.0,55163.0,32.5,0.81,154731.0,247.0,461045.0,17943.0,445.0,500.0,2.0,3613.0,9.0,8581.0,616024.0,1937.0,966.0,448850.0
2022-03,980.0,68559.0,31.5,0.715,157277.0,226.0,461884.0,21601.0,314.0,600.0,2.0,3501.0,9.0,8635.0,619388.0,2160.0,968.0,449747.0
2022-04,992.0,67193.0,29.4,0.942,159582.0,225.0,467337.0,19752.0,712.0,500.0,2.0,3420.0,9.0,8769.0,627145.0,,981.0,455147.0
2022-05,1007.0,81747.0,29.5,0.884,161384.0,223.0,473138.0,24100.0,527.0,500.0,1.0,3356.0,9.0,8901.0,634745.0,,996.0,460880.0
2022-06,999.0,68644.0,29.8,0.748,163031.0,216.0,469156.0,20488.0,608.0,500.0,1.0,3252.0,9.0,8953.0,632404.0,,988.0,456950.0
2022-07,1011.0,64912.0,32.2,1.018,165646.0,214.0,472991.0,20919.0,720.0,500.0,1.0,3189.0,9.0,9100.0,638852.0,,1000.0,460701.0
2022-08,1025.0,72186.0,33.0,0.899,168146.0,212.0,477536.0,23797.0,505.0,500.0,1.0,3119.0,9.0,9284.0,645895.0,,1014.0,465132.0
2022-09,1031.0,70134.0,36.9,0.748,171414.0,203.0,478038.0,25903.0,228.0,400.0,1.0,3022.0,9.0,9392.0,649656.0,,1019.0,465623.0
2022-10,1052.0,79098.0,35.2,0.888,174181.0,200.0,485159.0,27818.0,625.0,400.0,1.0,2866.0,9.0,9556.0,659542.0,,1040.0,472736.0
2022-11,1070.0,82023.0,33.0,0.982,177195.0,200.0,491408.0,27040.0,566.0,400.0,1.0,2804.0,9.0,9738.0,668804.0,,1058.0,478865.0
2022-12,1064.0,72599.0,30.6,0.878,179814.0,192.0,487131.0,22204.0,631.0,500.0,1.0,2687.0,9.0,9849.0,667138.0,,1052.0,474594.0
2023-01,1083.0,82340.0,32.2,0.862,181781.0,190.0,493604.0,26519.0,474.0,400.0,1.0,2624.0,10.0,10016.0,675576.0,,1071.0,480963.0
2023-02,1103.0,90055.0,32.8,0.797,185091.0,189.0,499788.0,29532.0,394.0,400.0,1.0,2576.0,10.0,10200.0,685069.0,,1091.0,487011.0
2023-03,1115.0,111971.0,29.6,0.655,188629.0,185.0,502874.0,33111.0,407.0,400.0,1.0,2502.0,10.0,10275.0,691689.0,,1103.0,490096.0
2023-04,1136.0,100631.0,29.7,1.007,191811.0,184.0,511454.0,29864.0,540.0,350.0,1.0,2425.0,10.0,10471.0,703450.0,,1125.0,498558.0
2023-05,1157.0,108743.0,27.7,0.952,194597.0,182.0,519857.0,30103.0,465.0,380.0,1.0,2368.0,10.0,10669.0,714637.0,,1145.0,506818.0
2023-06,1152.0,76197.0,37.8,0.768,196927.0,177.0,516310.0,28767.0,518.0,410.0,1.0,2278.0,10.0,10754.0,713414.0,,1140.0,503277.0
2023-07,1169.0,75922.0,37.0,1.121,200050.0,176.0,522242.0,28123.0,488.0,320.0,1.0,2232.0,10.0,10943.0,722469.0,,1157.0,509067.0
2023-08,1188.0,85643.0,37.4,0.966,203818.0,175.0,527842.0,32046.0,283.0,210.0,1.0,2158.0,10.0,11122.0,731836.0,,1176.0,514561.0
2023-09,1203.0,97344.0,39.2,0.819,207447.0,173.0,532538.0,38171.0,391.0,290.0,1.0,2112.0,10.0,11276.0,740160.0,,1191.0,519149.0
2023-10,1227.0,86838.0,38.8,0.92,210642.0,172.0,542731.0,33703.0,415.0,170.0,1.0,2059.0,10.0,11504.0,753546.0,,1215.0,529167.0
2023-11,1244.0,69545.0,39.3,0.879,214002.0,172.0,550395.0,27363.0,356.0,230.0,1.0,2020.0,11.0,11762.0,764570.0,,1232.0,536612.0
2023-12,1229.0,49482.0,40.3,0.914,217154.0,168.0,545486.0,19925.0,524.0,330.0,1.0,1954.0,11.0,11863.0,762809.0,,1217.0,531668.0
2024-01,1238.0,51962.0,37.2,0.912,219181.0,167.0,552020.0,19307.0,350.0,250.0,1.0,1909.0,11.0,12104.0,771369.0,,1226.0,538006.0
2024-02,1249.0,60418.0,36.1,0.799,223068.0,166.0,558328.0,21819.0,418.0,230.0,1.0,1875.0,11.0,12352.0,781563.0,,1236.0,544100.0
2024-03,1256.0,81872.0,36.0,0.979,227532.0,162.0,562913.0,29466.0,229.0,210.0,1.0,1836.0,11.0,12522.0,790608.0,,1243.0,548554.0
2024-04,1274.0,86179.0,34.9,0.736,231024.0,161.0,572108.0,30082.0,473.0,250.0,1.0,1797.0,11.0,12817.0,803294.0,,1261.0,557493.0
2024-05,1294.0,90424.0,36.7,0.611,235351.0,159.0,579029.0,33189.0,335.0,220.0,0.0,1734.0,11.0,13045.0,814540.0,,1281.0,564249.0
2024-06,1282.0,70324.0,37.0,0.961,238707.0,156.0,575882.0,26042.0,235.0,180.0,0.0,1720.0,11.0,13111.0,814747.0,,1269.0,561051.0
2024-07,1292.0,73377.0,33.3,0.936,242613.0,156.0,580075.0,24439.0,299.0,200.0,0.0,1683.0,11.0,13385.0,822844.0,,1279.0,565006.0
2024-08,1306.0,78990.0,34.1,0.77,247516.0,152.0,586243.0,26974.0,221.0,150.0,0.0,1640.0,12.0,13623.0,833912.0,,1293.0,570979.0
2024-09,1307.0,91404.0,34.6,0.939,251423.0,148.0,586290.0,31597.0,264.0,130.0,0.0,1590.0,12.0,13685.0,837861.0,,1294.0,571014.0
2024-10,1323.0,89259.0,32.5,0.846,255093.0,147.0,593734.0,29040.0,204.0,170.0,0.0,1550.0,12.0,13918.0,848974.0,,1310.0,578265.0
2024-11,1341.0,81279.0,33.0,0.762,260487.0,148.0,603082.0,26832.0,197.0,140.0,0.0,1514.0,12.0,14113.0,863718.0,,1328.0,587454.0
2024-12,1320.0,63121.0,30.5,0.821,263910.0,146.0,596106.0,19250.0,246.0,140.0,0.0,1481.0,12.0,14181.0,860163.0,,1307.0,580444.0
2025-01,1327.0,72893.0,30.1,0.764,268122.0,145.0,600726.0,21925.0,219.0,120.0,0.0,1447.0,12.0,14430.0,868994.0,,1313.0,584848.0
2025-02,1320.0,78914.0,30.6,0.593,272065.0,144.0,604009.0,24132.0,221.0,120.0,0.0,1425.0,12.0,14418.0,876219.0,,1307.0,588165.0
2025-03,1348.0,103204.0,31.0,0.822,280481.0,140.0,614222.0,32026.0,100.0,120.0,0.0,1385.0,12.0,14860.0,894844.0,,1335.0,597976.0
2025-04,1363.0,84865.0,31.9,0.739,286153.0,139.0,623611.0,27079.0,351.0,170.0,0.0,1335.0,12.0,15142.0,909904.0,,1350.0,607133.0
2025-05,1379.0,90718.0,30.7,0.719,292178.0,138.0,632596.0,27888.0,228.0,110.0,0.0,1303.0,12.0,15407.0,924913.0,,1365.0,615885.0
2025-06,1360.0,73695.0,31.8,0.611,297942.0,135.0,627688.0,23407.0,255.0,120.0,0.0,1275.0,13.0,15468.0,925767.0,,1347.0,610943.0
2025-07,1364.0,75530.0,30.4,0.86,303519.0,135.0,630849.0,22982.0,146.0,110.0,0.0,1254.0,13.0,15757.0,934504.0,,1350.0,613837.0
2025-08,1379.0,79253.0,30.4,0.749,312433.0,135.0,639171.0,24088.0,166.0,120.0,0.0,1232.0,13.0,16044.0,951740.0,,1365.0,621893.0
2025-09,1378.0,92316.0,30.1,0.683,319723.0,130.0,639732.0,27809.0,109.0,100.0,0.0,1176.0,13.0,16102.0,959587.0,,1364.0,622452.0
2025-10,1393.0,90389.0,31.5,0.714,327476.0,129.0,647549.0,28516.0,168.0,120.0,0.0,1149.0,13.0,16334.0,975155.0,,1379.0,630065.0
2025-11,1413.0,85355.0,32.4,0.752,331411.0,129.0,658219.0,27687.0,83.0,100.0,0.0,1135.0,13.0,16589.0,989759.0,,1398.0,640494.0
2025-12,1388.0,67223.0,29.7,0.796,345705.0,127.0,650094.0,19944.0,211.0,100.0,0.0,1099.0,13.0,16660.0,995926.0,,1374.0,632334.0
2026-01,1397.0,75540.0,27.5,0.695,353172.0,126.0,656876.0,20801.0,119.0,60.0,0.0,1079.0,13.0,16908.0,1010174.0,,1382.0,638887.0
2026-02,1396.0,76165.0,28.0,0.623,361232.0,126.0,660955.0,21306.0,68.0,60.0,0.0,1058.0,14.0,17120.0,1022314.0,,1382.0,642776.0
2026-03,1406.0,93873.0,29.7,0.626,372532.0,126.0,666396.0,27903.0,145.0,100.0,0.0,1041.0,14.0,17236.0,1039055.0,,1391.0,648117.0
2026-04,1417.0,83281.0,28.3,0.574,379735.0,125.0,675212.0,23602.0,182.0,60.0,0.0,1023.0,14.0,17559.0,1055073.0,,1402.0,656628.0
2026-05,1432.0,92607.0,27.8,0.759,387931.0,125.0,683053.0,25741.0,124.0,60.0,0.0,1007.0,14.0,17736.0,1071110.0,,1417.0,664309.0
2026-06,1415.0,78052.0,29.4,0.528,397189.0,121.0,676108.0,22974.0,157.0,70.0,0.0,977.0,14.0,17550.0,1073418.0,,1400.0,657580.0
2026-07,1417.0,73882.0,28.7,0.756,408564.0,120.0,676416.0,21180.0,118.0,70.0,0.0,954.0,14.0,17554.0,1085101.0,,1403.0,657907.0
2026-08,1430.0,80478.0,28.2,0.654,420574.0,119.0,682512.0,22657.0,110.0,50.0,0.0,938.0,14.0,17591.0,1103205.0,,1415.0,663982.0
