month,accounts_total_k,applications,guarantee_mil,installment_mil,loans_outstanding_mil,new_accounts,refund_cash_mil,refund_claims,secured_accounts_k,secured_loans_mil,smallbiz_accounts_k,smallbiz_loans_mil,total_receivables_mil,transferred_loans_mil,unsecured_accounts_k,unsecured_loans_mil
2013-04,-19.5,21.1,2.4,-38.2,-16.5,49.9,,,-19.7,-24.4,-24.5,-26.4,-14.2,-52.9,-19.4,-14.1
2013-05,-18.0,17.8,3.9,-38.1,-15.5,56.4,,,-19.5,-23.7,-23.6,-25.5,-13.1,-38.2,-17.9,-13.0
2013-06,-17.3,26.9,56.9,-35.6,-14.4,58.3,,,-19.0,-22.8,-21.6,-23.8,-4.4,-39.4,-17.2,-11.9
2013-07,-15.6,31.9,55.0,-36.4,-13.6,67.6,,,-19.3,-22.9,-21.3,-23.5,-3.8,-37.8,-15.4,-10.9
2013-08,-14.2,24.7,57.0,-36.5,-12.8,61.0,,,-19.3,-23.1,-20.5,-23.3,-2.6,-29.9,-13.9,-9.9
2013-09,-13.0,26.2,58.0,-35.5,-11.9,60.2,,,-19.3,-23.0,-19.6,-23.8,-1.6,-30.6,-12.7,-8.7
2013-10,-11.1,6.6,57.6,-35.7,-11.0,27.7,,,-19.4,-22.6,-19.0,-23.5,-0.6,-32.3,-10.6,-7.8
2013-11,-9.9,-0.8,55.1,-35.6,-10.2,15.5,,,-19.3,-22.7,-18.8,-23.5,-0.3,-31.2,-9.4,-6.8
2013-12,-9.5,3.4,52.1,-36.5,-9.9,15.8,,,-19.4,-23.7,-17.5,-22.4,-0.2,-27.7,-9.0,-6.2
2014-01,-8.0,3.9,50.6,-36.8,-9.1,14.4,,,-19.4,-23.1,-17.1,-22.0,0.4,-18.1,-7.5,-5.5
2014-02,-7.3,-2.4,49.3,-36.9,-8.5,2.7,,,-19.5,-23.0,-16.7,-21.6,0.7,-15.4,-6.7,-4.8
2014-03,-6.5,10.5,51.1,-35.8,-8.9,18.0,,,-19.6,-28.6,-15.0,-20.7,0.7,-24.5,-6.0,-3.8
2014-04,-4.9,15.2,49.5,-36.1,-7.2,16.6,,,-19.6,-23.0,-15.6,-20.9,2.1,-0.7,-4.2,-3.3
2014-05,-4.2,23.6,48.6,-36.4,-6.3,16.0,,,-19.8,-22.9,-16.4,-21.4,2.6,-12.4,-3.4,-2.3
2014-06,-4.1,24.8,-2.0,-35.9,-5.5,28.6,,,-20.3,-24.5,-16.3,-21.3,-5.0,-14.5,-3.3,-0.9
2014-07,-2.3,28.6,-2.3,-35.8,-4.6,31.6,,,-20.2,-23.6,-16.3,-21.2,-4.4,2.1,-1.5,-0.1
2014-08,-1.2,29.6,-3.3,-35.8,-3.5,29.9,,,-20.4,-23.5,-16.1,-20.5,-3.7,-11.7,-0.3,1.2
2014-09,-1.2,34.8,-2.9,-36.0,-2.9,32.4,,,-20.2,-23.8,-16.0,-18.4,-3.2,4.1,-0.3,1.9
2014-10,0.5,38.6,-2.3,-36.2,-2.1,35.6,,,-20.2,-23.3,-16.1,-18.5,-2.5,13.6,1.4,2.6
2014-11,1.5,40.2,-1.2,-36.5,-1.2,37.2,,,-20.5,-23.2,-15.7,-17.6,-1.6,14.9,2.4,3.5
2014-12,1.6,40.6,-2.7,-35.6,-0.6,41.2,,,-20.5,-23.1,-15.2,-17.4,-1.5,22.4,2.5,4.2
2015-01,3.0,36.5,-3.7,-35.5,0.1,41.9,,,-20.5,-22.4,-15.1,-17.1,-1.2,33.8,4.0,4.7
2015-02,3.7,27.1,-2.3,-35.3,0.7,31.7,,,-20.7,-22.8,-14.7,-16.9,-0.4,27.2,4.7,5.4
2015-03,3.9,32.2,-4.0,-36.0,1.4,32.4,,,-20.6,-22.2,-15.1,-17.0,-0.2,47.3,4.9,6.2
2015-04,5.2,23.6,-5.0,-35.6,2.3,26.1,,,-20.8,-22.5,-14.7,-16.4,0.2,29.8,6.2,7.1
2015-05,5.9,23.1,-2.9,-35.8,3.0,22.2,,,-20.8,-23.4,-14.3,-15.8,1.3,28.7,7.0,8.0
2015-06,5.6,28.8,-2.3,-35.4,3.4,21.4,,,-20.9,-23.9,-13.6,-15.3,1.8,21.9,6.6,8.4
2015-07,6.6,21.8,-1.8,-35.3,4.2,23.1,,,-20.8,-23.7,-13.7,-14.9,2.4,24.7,7.6,9.2
2015-08,6.9,17.9,-2.6,-35.2,5.1,21.0,,,-20.9,-23.7,-14.1,-15.0,2.9,30.2,7.9,10.0
2015-09,6.7,18.8,-2.8,-34.9,5.7,22.7,,,-21.5,-24.5,-14.4,-15.6,3.3,27.2,7.7,10.8
2015-10,7.4,10.2,-4.8,-34.8,6.7,17.9,,,-21.4,-24.0,-14.5,-15.4,3.6,25.7,8.4,11.7
2015-11,7.6,10.0,-2.1,-34.5,7.4,18.0,,,-21.5,-24.0,-14.9,-15.8,4.8,14.7,8.6,12.5
2015-12,7.3,1.8,-0.4,-35.1,7.7,7.8,,,-21.9,-24.6,-14.5,-15.5,5.4,26.6,8.3,12.8
2016-01,7.8,-3.4,0.0,-34.4,8.5,1.6,,,-21.5,-24.5,-14.1,-15.0,6.2,19.5,8.8,13.6
2016-02,8.2,13.5,-0.1,-34.6,9.1,19.6,,,-21.5,-24.8,-13.9,-14.5,6.7,32.1,9.2,14.2
2016-03,8.3,8.3,0.0,-34.4,9.5,15.6,,,-21.5,-25.4,-13.2,-13.9,7.0,31.4,9.3,14.5
2016-04,8.9,5.2,0.7,-34.5,10.0,8.6,96.6,-31.3,-21.3,-25.0,-12.9,-14.0,7.5,34.3,9.8,14.9
2016-05,9.0,2.4,0.1,-34.1,10.5,8.8,-31.1,-25.0,-21.3,-24.1,-12.6,-13.9,7.8,31.3,9.9,15.1
2016-06,8.5,-7.0,-0.2,-33.7,10.6,0.2,32.6,-25.0,-21.3,-23.6,-12.2,-13.9,7.9,62.5,9.3,15.1
2016-07,8.8,-3.7,-0.1,-33.4,10.9,-6.0,-21.6,-28.3,-21.1,-23.6,-12.0,-13.9,8.2,41.7,9.7,15.3
2016-08,8.8,3.5,0.5,-32.9,10.9,0.4,-19.7,-20.8,-21.0,-23.7,-10.8,-13.6,8.3,36.7,9.6,15.1
2016-09,8.8,8.3,0.6,-32.6,11.1,7.7,0.5,-23.9,-20.8,-24.3,-9.7,-13.0,8.5,35.0,9.5,15.2
2016-10,9.5,13.3,0.5,-31.8,11.5,10.5,5.4,-31.4,-20.7,-24.6,-8.5,-12.5,8.8,30.7,10.2,15.6
2016-11,9.7,14.0,-0.9,-31.7,11.7,12.8,19.9,-32.0,-20.5,-24.6,-7.6,-11.8,8.7,40.8,10.4,15.7
2016-12,9.4,12.8,-0.4,-29.9,11.8,3.3,-26.5,-31.4,-20.4,-24.9,-6.7,-11.3,8.8,34.9,10.1,15.7
2017-01,9.5,8.8,0.0,-29.9,11.6,-3.4,-15.5,-36.0,-20.3,-24.9,-5.7,-10.7,8.8,31.3,10.1,15.4
2017-02,9.0,-2.6,0.7,-29.2,11.3,-14.8,-26.2,-43.9,-20.1,-24.4,-4.8,-10.4,8.8,23.3,9.6,14.8
2017-03,8.7,-5.3,2.0,-28.2,11.2,-12.9,-32.2,-29.2,-20.1,-24.7,-3.2,-9.8,9.1,45.2,9.3,14.6
2017-04,8.7,0.8,2.4,-27.7,11.2,-6.7,-15.7,-15.9,-19.8,-24.9,-0.4,-7.7,9.1,23.8,9.2,14.4
2017-05,8.4,1.3,3.3,-27.4,11.1,-9.6,47.7,-16.7,-19.9,-25.0,2.3,-5.7,9.2,13.6,8.9,14.2
2017-06,8.2,11.5,4.3,-26.3,10.8,0.7,-24.8,-31.0,-20.0,-25.1,6.0,-2.4,9.3,14.2,8.7,13.7
2017-07,8.5,6.0,5.7,-25.4,10.8,12.0,-4.6,-42.1,-19.8,-25.1,8.3,0.1,9.6,2.1,9.0,13.5
2017-08,8.7,5.9,6.8,-25.1,10.6,6.7,-6.5,-42.1,-19.8,-25.2,10.2,2.7,9.7,6.4,9.1,13.2
2017-09,8.7,3.5,7.3,-23.6,10.5,4.1,-39.1,-45.7,-19.8,-24.7,11.8,4.5,9.7,3.4,9.1,12.9
2017-10,8.8,3.8,8.7,-23.3,10.4,4.1,0.9,-51.4,-19.7,-24.8,14.9,7.1,9.9,14.3,9.2,12.7
2017-11,8.9,3.6,9.5,-22.5,10.2,2.1,-28.6,-55.9,-19.8,-25.0,18.7,11.0,10.0,10.8,9.2,12.4
2017-12,9.2,1.3,9.5,-21.7,10.3,10.0,19.1,-48.6,-19.8,-25.0,23.5,15.9,10.0,12.6,9.5,12.3
2018-01,9.8,11.5,9.9,-21.2,10.7,23.4,-29.5,-40.6,-19.6,-25.1,26.5,19.4,10.4,12.9,10.0,12.6
2018-02,10.3,14.1,10.2,-20.8,11.2,25.3,-35.6,-47.8,-19.4,-25.1,29.7,24.1,10.9,0.2,10.5,13.0
2018-03,11.2,24.8,9.9,-41.3,11.8,33.7,-25.8,-61.8,-19.1,-24.6,32.1,27.9,11.3,0.2,11.4,13.5
2018-04,11.6,17.4,10.4,-41.1,12.0,24.2,-24.0,-62.2,-19.1,-24.6,33.7,30.6,11.6,-4.5,11.8,13.7
2018-05,12.1,14.7,9.7,-40.9,12.1,31.6,2.7,-60.0,-19.7,-25.0,35.5,33.3,11.5,1.3,12.3,13.7
2018-06,12.1,0.4,9.9,-41.3,12.2,8.1,-32.2,-44.8,-19.5,-24.6,35.6,33.8,11.6,2.6,12.2,13.7
2018-07,12.0,5.7,10.2,-41.2,12.2,1.2,-31.5,-27.3,-19.6,-24.9,37.3,36.6,11.6,5.4,12.2,13.6
2018-08,12.1,10.3,10.5,-41.4,12.3,7.1,-51.6,-22.7,-19.7,-24.8,38.9,38.6,11.8,19.6,12.2,13.6
2018-09,11.9,2.1,10.5,-41.3,12.3,-0.0,-45.3,-21.1,-19.9,-24.8,41.1,40.8,11.8,10.8,12.0,13.5
2018-10,11.8,2.0,10.4,-41.4,12.2,0.8,-57.5,-17.6,-20.0,-24.6,40.6,42.5,11.8,10.8,11.8,13.3
2018-11,11.3,-5.4,10.8,-41.2,12.0,-6.1,-46.6,-20.0,-20.0,-24.6,39.8,41.9,11.6,20.7,11.4,13.0
2018-12,11.1,-2.7,11.6,-41.7,11.8,-11.8,-53.9,-38.9,-20.3,-24.7,36.4,39.2,11.7,11.5,11.2,12.8
2019-01,10.5,-8.8,12.1,-41.5,11.2,-13.2,-30.5,-52.6,-20.7,-24.7,34.6,37.9,11.3,19.1,10.6,12.1
2019-02,10.3,-5.2,12.6,-41.3,11.0,-7.1,-19.4,-25.0,-20.9,-24.7,33.1,36.0,11.2,28.8,10.3,11.9
2019-03,9.2,-7.4,13.5,-20.1,10.1,-15.4,34.6,-23.1,-21.5,-25.0,33.1,35.3,10.8,14.4,9.3,11.0
2019-04,8.9,-5.6,13.1,-20.3,9.5,-10.9,-37.4,-21.4,-21.6,-25.2,29.0,32.4,10.2,-3.2,9.0,10.4
2019-05,8.6,2.1,13.2,-20.1,8.8,-6.9,-57.4,-14.3,-21.3,-25.1,24.9,28.6,9.7,19.5,8.7,9.6
2019-06,8.2,8.1,12.5,-20.6,8.4,0.8,-35.8,-31.3,-21.8,-25.8,20.7,24.7,9.2,11.9,8.3,9.2
2019-07,8.1,10.9,11.2,-20.5,8.6,1.8,-19.3,-25.0,-21.8,-25.6,16.3,20.3,9.1,16.3,8.2,9.4
2019-08,7.9,6.3,11.8,-20.4,8.9,-1.2,-43.0,-35.3,-21.8,-25.7,12.3,17.0,9.4,7.9,8.1,9.8
2019-09,7.8,12.9,12.5,-21.1,9.0,6.6,4.5,-33.3,-21.7,-25.8,9.5,15.1,9.7,22.3,8.0,9.9
2019-10,7.4,6.3,12.7,-20.3,8.9,-0.7,12.8,-21.4,-21.8,-26.0,7.8,13.0,9.6,-3.0,7.9,9.8
2019-11,7.8,12.7,13.3,-20.0,9.4,8.1,30.5,-16.7,-22.5,-26.2,6.2,11.4,10.2,14.8,8.1,10.3
2019-12,7.8,9.0,14.2,-19.7,9.4,14.1,36.7,-9.1,-22.8,-26.5,4.9,9.5,10.4,10.1,8.0,10.4
2020-01,7.9,7.0,14.5,-19.5,9.7,12.1,11.1,22.2,-23.3,-27.0,4.0,8.5,10.6,6.9,8.2,10.6
2020-02,8.3,15.2,14.3,-19.8,10.2,17.2,1.1,0.0,-23.3,-22.7,2.8,7.1,11.0,12.2,8.5,11.1
2020-03,8.5,4.0,14.9,-19.0,10.4,8.9,37.3,0.0,-24.0,-25.2,0.8,5.3,11.3,10.1,8.7,11.4
2020-04,7.7,-13.3,15.0,-18.8,9.8,-20.9,-16.7,-9.1,-24.2,-25.4,0.0,3.8,10.9,39.1,8.0,10.8
2020-05,5.9,-56.5,14.4,-18.2,8.7,-60.3,-31.1,-25.0,-24.3,-25.2,-1.7,2.0,9.8,24.4,6.1,9.6
2020-06,4.0,-47.2,12.1,-19.0,7.0,-49.6,-15.6,-18.2,-24.5,-25.2,-4.6,-1.7,8.0,25.9,4.3,7.9
2020-07,2.7,-30.1,11.7,-19.4,5.3,-32.8,-57.7,-33.3,-26.4,-27.4,-5.3,-3.6,6.6,30.2,3.0,6.2
2020-08,1.9,-24.3,9.9,-18.5,4.3,-27.2,67.2,-9.1,-27.1,-27.8,-5.8,-4.8,5.5,10.9,2.2,5.2
2020-09,0.8,-19.7,9.8,-17.3,3.1,-24.6,16.9,-20.0,-26.8,-27.8,-6.6,-6.5,4.5,-1.2,1.1,3.9
2020-10,0.7,0.7,9.8,-17.5,2.7,-2.5,4.6,-27.3,-29.1,-30.5,-7.7,-7.6,4.2,-0.6,1.0,3.6
2020-11,0.6,6.7,9.1,-17.6,2.3,1.9,-26.8,-10.0,-29.1,-30.6,-8.3,-8.3,3.7,-19.1,0.8,3.1
2020-12,0.2,20.3,9.2,-17.2,2.0,5.1,13.7,-20.0,-28.4,-28.3,-8.2,-8.0,3.5,-8.2,0.5,2.7
2021-01,0.1,12.9,9.0,-16.9,1.9,-3.6,14.7,-45.5,-29.9,-30.6,-8.3,-8.2,3.4,-1.1,0.4,2.6
2021-02,-0.7,-15.2,9.0,-16.4,1.0,-24.5,38.9,-22.2,-30.8,-34.7,-8.5,-8.4,2.7,-0.9,-0.5,1.8
2021-03,-1.8,-2.7,9.2,-17.6,0.1,-16.5,-63.6,-30.0,-29.5,-30.8,-8.5,-8.4,2.1,2.4,-1.6,0.8
2021-04,-1.3,29.6,10.2,-17.6,0.6,25.4,-18.7,-40.0,-33.1,-38.4,-6.2,-0.8,2.7,16.0,-1.1,1.2
2021-05,0.0,142.6,11.7,-18.0,1.6,123.7,10.1,-33.3,-29.9,-30.7,-5.4,-4.7,3.8,16.8,0.2,2.3
2021-06,1.5,129.9,15.5,-17.3,3.0,100.4,-3.9,-22.2,-30.2,-31.3,-1.2,0.1,5.7,9.9,1.6,3.6
2021-07,2.7,69.2,17.2,-16.4,4.2,47.5,38.0,-25.0,-28.5,-29.2,1.3,3.2,7.1,10.5,2.9,4.7
2021-08,3.1,59.9,18.4,-16.2,4.4,31.9,-35.8,-30.0,-28.7,-29.0,2.8,5.4,7.5,4.4,3.2,4.9
2021-09,3.3,49.4,19.0,-17.0,4.5,20.4,-56.9,-25.0,-29.9,-29.2,4.1,7.2,7.8,29.8,3.4,5.0
2021-10,3.5,39.2,19.5,-16.7,4.8,4.2,-52.2,-25.0,-27.9,-26.2,5.5,8.8,8.1,20.6,3.6,5.1
2021-11,3.6,46.8,19.6,-16.3,4.8,12.6,-32.8,-22.2,-28.2,-26.1,6.4,10.0,8.1,8.1,3.6,5.1
2021-12,3.6,47.0,18.7,-16.2,4.6,13.1,-37.9,-25.0,-29.2,-27.9,6.5,10.8,7.8,11.9,3.7,4.9
2022-01,3.9,53.3,18.5,-16.0,4.8,15.3,-33.8,-16.7,-27.9,-25.2,6.8,12.0,7.9,7.2,4.0,5.0
2022-02,4.3,68.3,18.2,-9.8,5.0,34.5,-60.1,-28.6,-27.3,-25.0,7.1,12.7,8.0,5.6,4.4,5.2
2022-03,5.0,54.2,17.8,-15.6,5.4,27.4,-65.8,-14.3,-29.0,-27.3,7.7,13.0,8.3,7.4,5.1,5.6
2022-04,5.5,56.8,17.7,-14.9,5.7,23.0,-23.7,-16.7,-25.2,-17.9,6.4,6.4,8.5,,5.6,5.9
2022-05,6.1,75.9,17.1,-14.6,6.1,40.1,-38.6,-16.7,-28.4,-26.9,8.1,13.9,8.7,,6.2,6.3
2022-06,6.4,60.6,16.9,-13.3,6.1,33.8,-16.6,-28.6,-28.5,-26.1,8.4,14.4,8.7,,6.5,6.3
2022-07,7.1,49.0,17.0,-13.8,6.4,37.9,1.3,-16.7,-28.5,-25.9,8.6,14.7,8.9,,7.2,6.5
2022-08,7.8,45.2,17.0,-14.0,6.7,41.1,-6.7,-28.6,-28.1,-25.7,9.3,15.5,9.2,,7.9,6.8
2022-09,8.8,25.2,17.3,-16.0,7.1,40.0,-40.7,-33.3,-31.1,-25.9,10.8,17.0,9.6,,8.9,7.2
2022-10,9.8,36.9,17.4,-16.0,7.4,54.9,-3.4,-33.3,-30.1,-28.1,10.0,17.4,9.8,,9.9,7.5
2022-11,10.4,34.2,17.9,-16.0,7.5,38.4,-6.3,-42.9,-29.6,-27.9,9.9,17.7,10.1,,10.5,7.6
2022-12,10.9,33.5,18.7,-17.3,7.6,35.3,-32.1,-16.7,-30.4,-29.0,10.4,18.2,10.4,,11.0,7.7
2023-01,11.8,38.4,18.9,-17.9,7.9,51.8,-20.2,-20.0,-30.2,-29.1,10.3,18.0,10.7,,11.9,8.0
2023-02,12.8,63.3,19.6,-23.4,8.4,64.6,-11.4,-20.0,-30.4,-28.7,10.5,18.9,11.2,,13.0,8.5
2023-03,13.8,63.3,19.9,-18.2,8.9,53.3,29.6,-33.3,-30.6,-28.5,10.2,19.0,11.7,,13.9,9.0
2023-04,14.5,49.8,20.2,-18.4,9.4,51.2,-24.2,-30.0,-31.6,-29.1,10.2,19.4,12.2,,14.7,9.5
2023-05,14.9,33.0,20.6,-18.3,9.9,24.9,-11.7,-24.0,-32.0,-29.4,10.2,19.9,12.6,,15.0,10.0
2023-06,15.3,11.0,20.8,-18.3,10.1,40.4,-14.8,-18.0,-32.0,-29.9,9.7,20.1,12.8,,15.4,10.1
2023-07,15.6,17.0,20.8,-17.7,10.4,34.4,-32.2,-36.0,-31.6,-30.0,9.6,20.3,13.1,,15.7,10.5
2023-08,15.8,18.6,21.2,-17.4,10.5,34.7,-44.0,-58.0,-31.8,-30.8,9.4,19.8,13.3,,16.0,10.6
2023-09,16.7,38.8,21.0,-14.4,11.4,47.4,71.5,-27.5,-28.9,-30.1,9.4,20.1,13.9,,16.8,11.5
2023-10,16.7,9.8,20.9,-14.1,11.9,21.2,-33.6,-57.5,-30.0,-28.1,10.3,20.4,14.3,,16.8,11.9
2023-11,16.3,-15.2,20.8,-14.1,12.0,1.2,-37.1,-42.5,-29.5,-28.0,10.8,20.8,14.3,,16.4,12.1
2023-12,15.5,-31.8,20.8,-12.8,12.0,-10.3,-17.0,-34.0,-29.5,-27.3,10.3,20.5,14.3,,15.6,12.0
2024-01,14.4,-36.9,20.6,-12.0,11.8,-27.2,-26.2,-37.5,-29.6,-27.2,10.9,20.8,14.2,,14.5,11.9
2024-02,13.2,-32.9,20.5,-12.3,11.7,-26.1,6.1,-42.5,-29.7,-27.2,11.2,21.1,14.1,,13.3,11.7
2024-03,12.6,-26.9,20.6,-12.2,11.9,-11.0,-43.7,-47.5,-28.5,-26.6,12.0,21.9,14.3,,12.7,11.9
2024-04,12.1,-14.4,20.4,-12.0,11.9,0.7,-12.4,-28.6,-27.2,-25.9,12.5,22.4,14.2,,12.2,11.8
2024-05,11.8,-16.8,20.9,-12.6,11.4,10.3,-28.0,-42.1,-28.2,-26.8,13.0,22.3,14.0,,11.8,11.3
2024-06,11.3,-7.7,21.2,-11.6,11.5,-9.5,-54.6,-56.1,-26.3,-24.5,13.3,21.9,14.2,,11.3,11.5
2024-07,10.5,-3.4,21.3,-11.6,11.1,-13.1,-38.7,-37.5,-26.4,-24.6,13.5,22.3,13.9,,10.5,11.0
2024-08,10.0,-7.8,21.4,-13.4,11.1,-15.8,-21.9,-28.6,-26.4,-24.0,13.5,22.5,13.9,,10.0,11.0
2024-09,8.6,-6.1,21.2,-14.5,10.1,-17.2,-32.5,-55.2,-26.8,-24.7,12.9,21.4,13.2,,8.6,10.0
2024-10,7.8,2.8,21.1,-14.6,9.4,-13.8,-50.8,0.0,-26.5,-24.7,12.7,21.0,12.7,,7.8,9.3
2024-11,7.8,16.9,21.7,-13.5,9.6,-1.9,-44.7,-39.1,-27.0,-25.0,12.3,20.0,13.0,,7.8,9.5
2024-12,7.4,27.6,21.5,-13.1,9.3,-3.4,-53.1,-57.6,-25.8,-24.2,12.2,19.5,12.8,,7.4,9.2
2025-01,7.1,40.3,22.3,-13.1,8.8,13.6,-37.4,-52.0,-25.7,-24.2,11.9,19.2,12.7,,7.1,8.7
2025-02,5.7,30.6,22.0,-13.0,8.2,10.6,-47.1,-47.8,-25.5,-24.0,9.5,16.7,12.1,,5.7,8.1
2025-03,7.4,26.1,23.3,-13.6,9.1,8.7,-56.3,-42.9,-26.2,-24.5,11.5,18.7,13.2,,7.4,9.0
2025-04,7.0,-1.5,23.9,-13.6,9.0,-10.0,-25.8,-32.0,-26.3,-25.7,10.7,18.1,13.3,,7.0,8.9
2025-05,6.6,0.3,24.1,-12.9,9.3,-16.0,-31.9,-50.0,-26.5,-24.9,10.2,18.1,13.6,,6.6,9.2
2025-06,6.1,4.8,24.8,-13.2,9.0,-10.1,8.5,-33.3,-28.4,-25.8,10.5,18.0,13.6,,6.1,8.9
2025-07,5.6,2.9,25.1,-13.2,8.8,-6.0,-51.2,-45.0,-28.7,-25.5,10.5,17.7,13.6,,5.6,8.6
2025-08,5.6,0.3,26.2,-11.3,9.0,-10.7,-24.9,-20.0,-28.7,-24.8,10.9,17.8,14.1,,5.5,8.9
2025-09,5.4,1.0,27.2,-12.1,9.1,-12.0,-58.7,-23.1,-28.6,-26.0,10.7,17.7,14.5,,5.4,9.0
2025-10,5.3,1.3,28.4,-12.2,9.1,-1.8,-17.6,-29.4,-28.3,-25.9,10.7,17.4,14.9,,5.3,9.0
2025-11,5.4,5.0,27.2,-13.2,9.1,3.2,-57.9,-28.6,-28.4,-25.1,10.8,17.5,14.6,,5.3,9.0
2025-12,5.1,6.5,31.0,-13.1,9.1,3.6,-14.2,-28.6,-29.9,-25.8,11.1,17.5,15.8,,5.1,8.9
2026-01,5.3,3.6,31.7,-13.0,9.3,-5.1,-45.7,-50.0,-29.9,-25.4,11.4,17.2,16.2,,5.2,9.2
2026-02,5.8,-3.5,32.8,-12.6,9.4,-11.7,-69.2,-50.0,-30.5,-25.7,13.6,18.7,16.7,,5.7,9.3
2026-03,4.2,-9.0,32.8,-10.1,8.5,-12.9,45.0,-16.7,-30.7,-24.8,11.6,16.0,16.1,,4.2,8.4
2026-04,3.9,-1.9,32.7,-10.1,8.3,-12.8,-48.1,-64.7,-31.2,-23.4,12.0,16.0,16.0,,3.9,8.2
2026-05,3.9,2.1,32.8,-9.6,8.0,-7.7,-45.6,-45.5,-29.4,-22.7,11.6,15.1,15.8,,3.8,7.9
2026-06,4.0,5.9,33.3,-10.5,7.7,-1.8,-38.4,-41.7,-29.2,-23.4,9.4,13.5,15.9,,4.0,7.6
2026-07,3.9,-2.2,34.6,-10.8,7.2,-7.8,-19.2,-36.4,-29.1,-23.9,7.4,11.4,16.1,,3.9,7.2
2026-08,3.7,1.5,34.6,-11.7,6.8,-5.9,-33.7,-58.3,-28.2,-23.9,5.9,9.6,15.9,,3.7,6.8
2026-09,-100.0,-100.0,-100.0,-100.0,-100.0,-100.0,-100.0,-100.0,-100.0,-100.0,-100.0,-100.0,-100.0,,-100.0,-100.0
2026-10,-100.0,-100.0,-100.0,-100.0,-100.0,-100.0,-100.0,-100.0,-100.0,-100.0,-100.0,-100.0,-100.0,,-100.0,-100.0
2026-11,-100.0,-100.0,-100.0,-100.0,-100.0,-100.0,-100.0,-100.0,-100.0,-100.0,-100.0,-100.0,-100.0,,-100.0,-100.0
2026-12,-100.0,-100.0,-100.0,-100.0,-100.0,-100.0,-100.0,-100.0,-100.0,-100.0,-100.0,-100.0,-100.0,,-100.0,-100.0
2027-01,-100.0,-100.0,-100.0,-100.0,-100.0,-100.0,-100.0,-100.0,-100.0,-100.0,-100.0,-100.0,-100.0,,-100.0,-100.0
2027-02,-100.0,-100.0,-100.0,-100.0,-100.0,-100.0,-100.0,-100.0,-100.0,-100.0,-100.0,-100.0,-100.0,,-100.0,-100.0
2027-03,-100.0,-100.0,-100.0,-100.0,,-100.0,-100.0,-100.0,-100.0,-100.0,-100.0,-100.0,,,-100.0,-100.0
