month,unemployment_rate,wage_growth_yoy,call_rate,usdjpy,consumer_confidence,cc_income_growth,cc_employment,cpi_yoy,core_cpi_yoy,real_wage_growth
2010-01,5.0,1.9047618963,0.096,91.1011,40.1,38.4,35.5,-1.3,-1.3,3.2047618963
2010-02,5.0,3.8379530963,0.101,90.1395,40.7,39.4,35.5,-1.1,-1.2,4.9379530963
2010-03,5.1,4.2689434345,0.097,90.7161,41.4,39.7,37.2,-1.1,-1.2,5.3689434345
2010-04,5.1,5.1063829739,0.093,93.4527,41.9,40.5,38.1,-1.2,-1.5,6.3063829739
2010-05,5.1,4.453870631,0.091,91.973,42.0,40.8,38.6,-0.9,-1.2,5.353870631
2010-06,5.2,6.4073226463,0.095,90.8059,42.3,41.4,38.9,-0.7,-1.0,7.1073226463
2010-07,5.0,4.8806941434,0.094,87.5005,42.3,41.2,39.7,-0.9,-1.1,5.780694143400001
2010-08,5.1,3.9790575928,0.095,85.3727,41.7,41.0,38.4,-0.9,-1.0,4.8790575928
2010-09,5.1,3.1152648012,0.091,84.3571,40.7,40.4,37.0,-0.6,-1.1,3.7152648012
2010-10,5.1,2.4844720421,0.091,81.7285,40.8,40.7,37.8,0.2,-0.6,2.2844720421
2010-11,5.0,4.0794979076,0.091,82.518,41.3,41.0,38.7,0.1,-0.5,3.9794979076000003
2010-12,4.9,4.1484716169,0.087,83.3376,41.5,41.6,39.3,0.0,-0.4,4.1484716169
2011-01,4.8,3.0114226429,0.085,82.625,41.7,41.4,40.1,-0.6,-0.8,3.6114226429
2011-02,4.7,1.4373716615,0.093,82.5368,41.2,41.1,39.4,-0.5,-0.8,1.9373716615
2011-03,4.7,1.5353121871,0.085,81.647,38.5,39.6,37.2,-0.5,-0.7,2.0353121870999997
2011-04,4.7,-0.6072874501,0.062,83.1771,33.2,37.0,27.7,-0.4,-0.2,-0.20728745009999994
2011-05,4.6,-0.4060913744,0.069,81.1257,34.2,37.3,27.4,-0.4,-0.1,-0.00609137439999996
2011-06,4.7,5.2688172088,0.069,80.4259,35.2,37.5,28.8,-0.4,-0.2,5.6688172088
2011-07,4.7,2.9989658687,0.073,79.2425,36.8,38.0,31.6,0.2,0.1,2.7989658687
2011-08,4.5,-0.503524675,0.081,76.9657,36.9,38.5,31.3,0.2,0.2,-0.7035246749999999
2011-09,4.2,0.604229608,0.08,76.7957,38.2,39.3,33.9,0.0,0.2,0.604229608
2011-10,4.4,1.2121212136,0.081,76.643,38.7,39.1,35.3,-0.2,-0.1,1.4121212135999999
2011-11,4.5,1.5075376953,0.077,77.5595,38.6,38.8,35.5,-0.5,-0.2,2.0075376953
2011-12,4.5,4.612159331,0.078,77.7967,39.2,38.6,37.0,-0.2,-0.1,4.812159331
2012-01,4.5,-0.6048387104,0.08,76.964,39.9,39.5,37.4,0.1,-0.1,-0.7048387104
2012-02,4.5,1.5182186304,0.085,78.47,39.8,39.0,37.5,0.3,0.1,1.2182186304
2012-03,4.5,1.1088709707,0.084,82.4659,40.0,39.3,37.9,0.5,0.2,0.6088709707
2012-04,4.5,1.5274949153,0.075,81.2524,39.8,39.5,37.7,0.4,0.2,1.1274949152999998
2012-05,4.4,1.8348623875,0.084,79.6668,40.2,39.9,37.7,0.2,-0.1,1.6348623875000001
2012-06,4.3,1.225740553,0.076,79.3152,40.0,39.6,37.3,-0.2,-0.2,1.425740553
2012-07,4.3,-3.6144578256,0.084,78.9348,39.8,39.4,37.4,-0.4,-0.3,-3.2144578256000003
2012-08,4.2,1.0121457536,0.086,78.6909,40.3,39.6,38.2,-0.4,-0.3,1.4121457536
2012-09,4.2,-1.5015014982,0.085,78.1353,40.2,39.6,38.1,-0.3,-0.1,-1.2015014981999999
2012-10,4.1,-1.9960079831,0.085,79.0132,40.0,39.6,38.1,-0.4,0.0,-1.5960079830999998
2012-11,4.1,-4.0594059468,0.086,81.0305,40.1,39.7,38.4,-0.2,-0.1,-3.8594059468
2012-12,4.3,-2.3046092227,0.082,83.7905,39.9,39.0,38.9,-0.1,-0.2,-2.2046092227
2013-01,4.2,0.1014198767,0.083,89.0581,43.2,40.7,44.5,-0.3,-0.2,0.4014198767
2013-02,4.3,-1.3958125705,0.08,93.0016,44.2,41.6,46.7,-0.7,-0.3,-0.6958125705
2013-03,4.1,-2.3928215381,0.08,94.77,44.8,41.6,48.4,-0.9,-0.5,-1.4928215381000003
2013-04,4.1,-1.0030090316,0.07,97.7582,44.8,41.6,48.3,-0.7,-0.4,-0.30300903160000003
2013-05,4.1,-1.101101104,0.07,100.9186,45.2,42.0,49.3,-0.3,0.0,-0.801101104
2013-06,3.9,-0.8072653962,0.07,97.235,43.7,41.3,47.0,0.2,0.4,-1.0072653962
2013-07,3.8,0.6250000007,0.07,99.6727,43.5,41.0,47.8,0.7,0.7,-0.07499999930000001
2013-08,4.1,-1.202404811,0.07,97.8123,42.7,40.3,47.2,0.9,0.8,-2.102404811
2013-09,3.9,0.2032520294,0.07,99.21,45.5,40.7,52.7,1.1,0.7,-0.8967479706000001
2013-10,4.0,0.9164969512,0.07,97.77,41.7,38.2,47.6,1.1,0.9,-0.18350304880000012
2013-11,3.9,1.7543859687,0.07,100.0737,42.9,39.4,49.2,1.5,1.2,0.2543859687000001
2013-12,3.7,1.0256410303,0.07,103.46,41.6,38.8,48.7,1.6,1.3,-0.5743589697
2014-01,3.7,0.8105369783,0.07,103.7614,40.3,38.6,48.5,1.4,1.3,-0.5894630216999999
2014-02,3.6,0.2022244762,0.08,102.1253,38.6,38.2,47.0,1.5,1.3,-1.2977755238
2014-03,3.7,1.9407558739,0.07,102.3395,37.2,37.9,45.2,1.6,1.3,0.34075587389999984
2014-04,3.6,1.6210739668,0.06,102.4582,37.3,37.3,44.5,3.4,3.2,-1.7789260331999999
2014-05,3.6,1.3157894736,0.07,101.7738,39.0,37.4,45.8,3.7,3.4,-2.3842105264000004
2014-06,3.7,3.4587996007,0.07,102.0629,40.4,37.9,47.3,3.6,3.3,-0.14120039930000017
2014-07,3.7,4.7619047604,0.07,101.74,41.5,39.3,48.7,3.4,3.3,1.3619047604000003
2014-08,3.5,2.5354969586,0.07,102.9438,40.8,38.7,47.4,3.3,3.1,-0.7645030413999998
2014-09,3.5,1.1156186642,0.07,107.4257,40.1,38.4,47.1,3.2,3.0,-2.0843813358
2014-10,3.6,0.403632688,0.06,108.0264,39.3,38.3,45.4,2.9,2.9,-2.496367312
2014-11,3.4,0.5070993938,0.06,116.2994,38.2,37.4,44.0,2.4,2.7,-1.8929006062
2014-12,3.4,1.6243654773,0.07,119.3233,39.0,38.3,44.7,2.4,2.5,-0.7756345226999999
2015-01,3.6,0.100502511,0.07,118.25,39.0,38.3,44.5,2.4,2.2,-2.2994974889999997
2015-02,3.5,0.5045408599,0.08,118.76,40.8,38.7,46.3,2.2,2.0,-1.6954591401
2015-03,3.4,0.3006011977,0.07,120.3945,41.3,39.3,47.2,2.3,2.2,-1.9993988022999998
2015-04,3.4,-0.1994018015,0.06,119.5095,41.9,39.6,48.3,0.6,0.3,-0.7994018015
2015-05,3.3,0.2997003051,0.07,120.798,41.4,39.7,47.1,0.5,0.1,-0.2002996949
2015-06,3.4,-2.458210424,0.07,123.7186,41.6,40.2,47.1,0.4,0.1,-2.8582104239999997
2015-07,3.3,0.4940711485,0.07,123.3109,41.0,40.0,46.0,0.2,0.0,0.2940711485
2015-08,3.4,-1.0880316547,0.08,123.0038,41.7,40.1,46.6,0.2,-0.1,-1.2880316547
2015-09,3.4,1.0030090215,0.07,120.1476,40.8,39.7,45.5,0.0,-0.1,1.0030090215
2015-10,3.2,1.1055276412,0.08,120.0481,41.6,40.3,46.2,0.3,-0.1,0.8055276411999999
2015-11,3.3,1.5136226001,0.08,122.6432,42.4,40.7,46.7,0.3,0.1,1.2136226001
2015-12,3.3,0.7992007968,0.07,121.635,42.3,41.3,45.9,0.2,0.1,0.5992007967999999
2016-01,3.2,0.5020080344,0.07,118.2258,42.0,40.9,44.9,-0.1,-0.1,0.6020080344
2016-02,3.3,0.903614464,0.03,114.6155,40.0,39.7,42.0,0.2,0.0,0.7036144639999999
2016-03,3.2,0.3996004034,-0.003,112.9317,41.3,40.5,43.4,0.0,-0.3,0.3996004034
2016-04,3.2,0.1998002067,-0.036,109.5519,41.1,40.9,42.6,-0.3,-0.4,0.4998002067
2016-05,3.2,-0.2988047862,-0.059,108.8481,41.0,40.8,42.8,-0.5,-0.4,0.2011952138
2016-06,3.1,1.1088709707,-0.055,105.3509,41.9,41.1,43.5,-0.4,-0.4,1.5088709706999999
2016-07,3.0,1.2782694197,-0.043,104.191,41.6,40.7,43.3,-0.4,-0.5,1.6782694196999999
2016-08,3.1,1.6000000052,-0.043,101.2383,42.2,41.2,44.6,-0.5,-0.5,2.1000000052
2016-09,3.0,0.1986097288,-0.052,101.7843,43.1,41.4,46.4,-0.5,-0.5,0.6986097287999999
2016-10,3.0,1.0934393668,-0.037,103.9075,42.4,41.2,45.1,0.1,-0.4,0.9934393668
2016-11,3.0,0.5964214719,-0.049,108.443,40.8,40.1,42.9,0.5,-0.4,0.09642147190000006
2016-12,3.0,0.6937562034,-0.044,115.9981,42.7,41.4,45.7,0.3,-0.2,0.3937562034
2017-01,3.0,2.2977023021,-0.045,114.8721,42.7,41.4,45.8,0.4,0.1,1.8977023021
2017-02,2.9,1.4925373102,-0.038,112.9116,42.9,41.2,46.2,0.3,0.2,1.1925373101999999
2017-03,2.8,0.099502486,-0.042,112.9165,43.8,42.3,47.0,0.2,0.2,-0.10049751400000001
2017-04,2.8,1.3958125605,-0.054,110.091,43.5,41.6,47.6,0.4,0.3,0.9958125605
2017-05,3.0,1.1988012002,-0.053,112.2436,43.7,42.1,47.9,0.4,0.4,0.7988012001999999
2017-06,2.8,1.6949152478,-0.056,110.9141,43.3,41.7,47.9,0.4,0.4,1.2949152478000001
2017-07,2.8,0.0,-0.054,112.417,44.1,41.9,48.2,0.4,0.5,-0.4
2017-08,2.8,0.2952755859,-0.049,109.827,43.7,41.7,47.7,0.7,0.7,-0.40472441409999993
2017-09,2.8,2.6759167575,-0.058,110.776,44.1,42.1,48.1,0.7,0.7,1.9759167575
2017-10,2.7,0.8849557483,-0.037,112.9148,44.6,42.7,48.7,0.2,0.8,0.6849557483
2017-11,2.7,0.5928853762,-0.048,112.819,44.5,42.4,48.7,0.6,0.9,-0.007114623799999942
2017-12,2.7,2.0669291312,-0.042,112.9405,44.3,42.6,49.0,1.0,0.9,1.0669291312000002
2018-01,2.4,-0.1953125068,-0.04,110.871,44.3,42.6,49.5,1.4,0.9,-1.5953125068
2018-02,2.5,0.686274509,-0.042,107.97,44.1,42.9,48.8,1.5,1.0,-0.813725491
2018-03,2.5,2.7833001954,-0.062,106.0468,44.1,42.6,49.0,1.1,0.9,1.6833001953999998
2018-04,2.5,1.2782694197,-0.063,107.6562,43.8,42.4,48.0,0.6,0.7,0.6782694197
2018-05,2.2,0.4935834178,-0.061,109.6882,44.1,42.3,48.6,0.7,0.7,-0.20641658219999998
2018-06,2.4,2.8431372599,-0.071,110.0638,43.7,41.9,48.0,0.7,0.8,2.1431372599000005
2018-07,2.5,1.7475728078,-0.07,111.521,43.8,42.3,48.2,0.9,0.8,0.8475728077999999
2018-08,2.5,1.3738959748,-0.059,110.9965,43.8,42.1,48.1,1.3,0.9,0.07389597479999988
2018-09,2.3,0.0,-0.058,112.0974,43.4,42.1,47.6,1.2,1.0,-1.2
2018-10,2.4,1.0721247592,-0.06,112.7218,43.0,41.4,46.5,1.4,1.0,-0.32787524079999986
2018-11,2.5,2.6522593301,-0.071,113.338,42.6,41.3,46.1,0.8,0.9,1.8522593301
2018-12,2.5,1.8322082936,-0.068,112.1994,42.4,41.3,45.7,0.3,0.7,1.5322082935999999
2019-01,2.5,0.3913894362,-0.064,108.9605,41.5,41.1,44.4,0.2,0.8,0.19138943619999998
2019-02,2.4,0.0,-0.055,110.44,41.3,41.1,45.0,0.2,0.7,-0.2
2019-03,2.5,0.6769825911,-0.041,111.1443,40.2,40.5,43.6,0.5,0.8,0.17698259110000003
2019-04,2.4,0.3883495085,-0.067,111.6414,40.5,40.5,44.6,0.9,0.9,-0.5116504915
2019-05,2.3,4.5186640458,-0.049,109.9714,39.8,40.2,43.6,0.7,0.8,3.8186640457999994
2019-06,2.3,-0.7626310845,-0.062,108.0685,38.4,39.8,42.4,0.7,0.6,-1.4626310845
2019-07,2.3,-0.6679389305,-0.071,108.2864,38.0,39.5,42.8,0.5,0.6,-1.1679389305
2019-08,2.3,1.2584704742,-0.045,106.1886,37.7,39.8,42.9,0.3,0.5,0.9584704741999999
2019-09,2.4,-0.2895752947,-0.059,107.54,35.7,38.9,41.5,0.2,0.3,-0.4895752947
2019-10,2.4,-0.1928640375,-0.021,108.1368,36.2,38.8,40.0,0.2,0.4,-0.3928640375
2019-11,2.3,1.339712917,-0.043,108.8579,38.6,39.7,41.0,0.5,0.5,0.839712917
2019-12,2.2,-1.1363636377,-0.038,109.101,38.9,39.9,41.2,0.8,0.7,-1.9363636377
2020-01,2.4,-0.974658864,-0.032,109.2667,39.0,39.8,42.1,0.7,0.8,-1.674658864
2020-02,2.4,-0.3894839277,-0.016,110.0295,38.2,39.8,39.9,0.4,0.6,-0.7894839277000001
2020-03,2.5,-2.8818443742,-0.047,107.6673,30.8,34.8,27.8,0.4,0.4,-3.2818443742
2020-04,2.6,-2.8046421616,-0.036,107.7386,21.9,26.4,15.3,0.1,-0.2,-2.9046421616
2020-05,2.8,-5.8270676728,-0.047,107.2,24.5,28.3,16.8,0.1,-0.2,-5.9270676728
2020-06,2.8,-6.6282420685,-0.048,107.5782,28.1,31.4,19.8,0.1,0.0,-6.728242068499999
2020-07,2.9,-5.3794428371,-0.028,106.6818,29.6,32.7,21.7,0.3,0.0,-5.6794428371
2020-08,3.0,-4.4933078367,-0.035,106.0129,29.8,33.0,22.0,0.2,-0.4,-4.6933078367
2020-09,3.0,-2.5169409484,-0.054,105.589,32.7,35.0,25.9,0.0,-0.3,-2.5169409484
2020-10,3.1,-1.9323671489,-0.02,105.2095,33.2,35.1,26.1,-0.4,-0.7,-1.5323671489000001
2020-11,3.0,-4.3437204899,-0.032,104.4061,33.5,35.3,26.2,-0.9,-0.9,-3.4437204899
2020-12,3.1,-5.0766283503,-0.026,103.7952,31.6,34.7,23.7,-1.2,-1.0,-3.8766283503
2021-01,3.0,0.984251963,-0.017,103.7883,29.8,33.5,22.0,-0.7,-0.7,1.684251963
2021-02,2.9,0.1955034183,-0.016,105.3774,33.7,35.4,28.0,-0.5,-0.5,0.6955034183
2021-03,2.7,1.6815034556,-0.017,108.6991,35.9,37.1,30.9,-0.4,-0.3,2.0815034556
2021-04,2.9,2.3880597042,-0.012,109.0445,35.3,36.7,30.0,-1.1,-0.9,3.4880597042
2021-05,2.9,2.894211582,-0.017,109.112,34.5,36.6,27.9,-0.8,-0.6,3.6942115820000003
2021-06,2.9,4.2181069921,-0.029,110.1073,37.1,37.6,34.1,-0.5,-0.5,4.7181069921
2021-07,2.8,2.1319796928,-0.036,110.2143,37.6,37.9,35.2,-0.3,-0.2,2.4319796927999997
2021-08,2.8,3.6036035977,-0.034,109.8527,37.1,37.9,34.2,-0.4,0.0,4.0036035977
2021-09,2.7,2.5819265141,-0.022,110.161,37.8,38.3,36.2,0.2,0.1,2.3819265141
2021-10,2.7,1.3793103531,-0.027,113.1215,39.0,39.0,39.9,0.1,0.1,1.2793103530999999
2021-11,2.8,1.5794669351,-0.039,113.965,39.3,39.2,42.5,0.6,0.5,0.9794669350999999
2021-12,2.7,1.7154389441,-0.026,113.8329,38.6,39.4,41.1,0.8,0.5,0.9154389440999999
2022-01,2.8,0.4873294369,-0.02,114.8255,36.6,38.8,37.3,0.5,0.2,-0.012670563099999976
2022-02,2.7,1.0731707346,-0.018,115.2763,35.1,38.0,36.3,0.9,0.6,0.17317073459999988
2022-03,2.6,0.4863813252,-0.008,118.5774,32.1,37.1,34.1,1.2,0.8,-0.7136186748
2022-04,2.6,1.8464528576,-0.012,126.3743,32.4,36.5,34.9,2.5,2.1,-0.6535471423999999
2022-05,2.6,-1.0669253181,-0.018,128.8486,33.5,37.6,36.6,2.5,2.1,-3.5669253181
2022-06,2.6,1.2833168804,-0.038,133.9619,31.8,35.6,36.7,2.4,2.2,-1.1166831196
2022-07,2.5,3.8767395621,-0.012,136.709,30.1,34.3,34.2,2.6,2.4,1.2767395621
2022-08,2.5,0.1932367217,-0.018,135.2835,32.4,36.1,36.5,3.0,2.8,-2.8067632783
2022-09,2.6,0.3872216881,-0.049,143.2843,31.1,35.6,36.0,3.0,3.0,-2.6127783119
2022-10,2.6,1.0689990213,-0.05,147.0515,30.6,35.5,35.9,3.7,3.6,-2.6310009787000004
2022-11,2.5,2.3323615089,-0.067,142.445,29.8,34.5,35.0,3.8,3.7,-1.4676384910999998
2022-12,2.5,2.8769841321,-0.07,134.9148,30.7,35.1,36.3,4.0,4.0,-1.1230158679
2023-01,2.5,1.5518913629,-0.02,130.4475,31.1,35.6,37.1,4.3,4.2,-2.7481086370999996
2023-02,2.6,0.8687258649,-0.019,133.0463,30.9,35.9,38.0,3.3,3.1,-2.4312741351
2023-03,2.7,2.5169409484,-0.017,133.6643,33.5,37.3,40.5,3.2,3.1,-0.6830590516000004
2023-04,2.6,0.381679393,-0.015,133.4745,35.3,37.9,42.0,3.5,3.4,-3.1183206070000002
2023-05,2.5,5.5882352958,-0.051,137.0532,36.6,38.5,43.2,3.2,3.2,2.3882352957999995
2023-06,2.5,4.8732943494,-0.066,141.3581,36.4,38.7,43.0,3.3,3.3,1.5732943494000002
2023-07,2.6,0.9569378034,-0.046,140.936,37.2,39.1,44.1,3.3,3.1,-2.3430621966
2023-08,2.6,2.7000964287,-0.064,144.7804,36.4,39.2,43.2,3.2,3.1,-0.49990357129999996
2023-09,2.6,2.7000964287,-0.054,147.845,35.5,38.9,41.5,3.0,2.8,-0.2999035712999998
2023-10,2.5,2.1153846211,-0.02,149.5933,35.9,39.3,41.0,3.3,2.9,-1.1846153788999998
2023-11,2.6,0.4748338103,-0.015,149.679,36.0,38.8,41.4,2.8,2.5,-2.3251661897
2023-12,2.5,2.7965284426,-0.012,143.9815,36.7,39.4,41.5,2.6,2.3,0.19652844260000002
2024-01,2.5,1.8147086921,-0.014,146.2943,37.7,39.6,42.7,2.2,2.0,-0.3852913079000002
2024-02,2.6,2.200956942,-0.006,149.615,38.4,40.5,43.7,2.8,2.8,-0.5990430579999999
2024-03,2.6,0.5665722386,0.022,149.8186,39.2,41.6,44.4,2.7,2.6,-2.1334277614
2024-04,2.6,2.5665399222,0.077,153.89,38.5,41.1,44.4,2.5,2.2,0.06653992220000005
2024-05,2.6,0.5571030647,0.077,155.8691,37.1,40.5,42.9,2.8,2.5,-2.2428969352999997
2024-06,2.5,3.717472117,0.077,157.86,36.9,40.7,42.1,2.8,2.6,0.917472117
2024-07,2.7,4.2654028436,0.078,157.5182,37.2,40.6,42.7,2.8,2.7,1.4654028436000006
2024-08,2.5,2.5352112659,0.227,146.2641,36.9,39.9,41.9,3.0,2.8,-0.4647887340999999
2024-09,2.4,3.1924882604,0.227,142.954,37.0,40.2,42.2,2.5,2.4,0.6924882604000002
2024-10,2.5,3.8606402978,0.227,149.8909,36.1,39.4,41.4,2.3,2.3,1.5606402978
2024-11,2.5,3.6862003776,0.227,153.7126,36.0,39.9,40.7,2.9,2.7,0.7862003776000002
2024-12,2.5,4.87804878,0.227,153.8143,35.6,39.7,40.6,3.6,3.0,1.2780487800000002
2025-01,2.5,3.8461538523,0.293,156.4819,34.8,39.6,40.4,4.0,3.2,-0.15384614769999994
2025-02,2.4,4.2134831461,0.478,151.5716,34.4,39.3,40.3,3.7,3.0,0.5134831460999996
2025-03,2.5,5.1643192533,0.477,149.0576,33.8,38.7,39.3,3.6,3.2,1.5643192533000003
2025-04,2.5,4.0778498627,0.477,144.1286,31.5,37.5,36.2,3.6,3.5,0.47784986269999985
2025-05,2.5,3.5087719308,0.477,144.8762,33.3,38.6,38.0,3.5,3.7,0.00877193080000005
2025-06,2.5,7.2580645201,0.477,144.4835,34.7,39.0,39.0,3.3,3.3,3.9580645200999998
2025-07,2.4,3.9999999923,0.478,147.2014,34.0,38.7,38.1,3.1,3.1,0.8999999922999997
2025-08,2.6,3.9377289409,0.477,147.4786,34.9,39.5,39.2,2.7,2.7,1.2377289408999999
2025-09,2.6,3.6396724369,0.477,147.8629,35.4,39.5,39.9,2.9,2.9,0.7396724369000003
2025-10,2.6,3.8077969219,0.477,151.3545,35.9,40.2,40.1,3.0,3.0,0.8077969219000001
2025-11,2.6,4.5578851436,0.478,155.1411,37.2,40.8,41.1,2.9,3.0,1.6578851436000002
2025-12,2.6,3.8461538493,0.557,155.915,36.9,41.1,40.9,2.1,2.4,1.7461538492999997
2026-01,2.7,4.245709121,0.728,156.6505,37.6,41.8,41.6,1.5,1.9,2.745709121
2026-02,2.6,5.2111410601,0.728,155.1016,39.7,42.3,43.3,1.3,1.5,3.9111410601000003
2026-03,2.7,4.2857142816,0.728,158.6827,33.3,39.8,37.6,1.5,1.7,2.7857142816
2026-04,2.5,5.16473731077429,0.727,159.1173,32.2,39.8,37.4,1.4,1.4,3.7647373107742905
2026-05,2.5,4.01427297056196,0.727,158.153,33.6,40.3,38.3,1.5,1.4,2.5142729705619598
2026-06,2.5,5.76441102756871,0.841,160.77,33.8,40.3,38.4,1.6,1.6,4.164411027568709
2026-07,2.4,,0.978,162.3295,34.9,40.9,40.1,1.9,1.8,
2026-08,,,0.977,158.8476,35.5,40.4,39.9,1.9,1.7,
