target,month,mean,lo80,hi80,lo95,hi95
applications,2026-09,90369.6,81088.4,100713.1,76567.5,106659.6
applications,2026-10,87534.2,75889.2,100966.2,70365.5,108891.9
applications,2026-11,83131.5,69656.7,99213.0,63431.6,108949.6
applications,2026-12,68526.4,56039.2,83796.1,50378.2,93212.2
applications,2027-01,77764.0,62056.5,97447.4,55069.8,109810.5
applications,2027-02,79301.8,62020.0,101399.1,54452.9,115490.1
applications,2027-03,101413.7,77747.9,132283.2,67545.3,152264.4
applications,2027-04,92928.8,69997.5,123372.4,60246.9,143339.5
applications,2027-05,97462.4,72160.0,131637.0,61545.0,154341.2
applications,2027-06,81406.6,59332.5,111693.2,50185.1,132051.8
applications,2027-07,81421.0,58437.7,113443.4,49027.7,135217.0
applications,2027-08,90024.6,63688.3,127251.3,53026.7,152836.5
new_accounts,2026-09,25682.2,23030.1,28639.7,21738.9,30340.7
new_accounts,2026-10,24384.8,21114.9,28161.0,19565.4,30391.3
new_accounts,2026-11,23177.3,19396.1,27695.7,17650.9,30434.0
new_accounts,2026-12,18536.1,15133.0,22704.4,13592.3,25278.1
new_accounts,2027-01,20624.7,16430.6,25889.5,14567.6,29200.5
new_accounts,2027-02,21477.3,16763.1,27517.4,14702.1,31374.8
new_accounts,2027-03,27081.5,20718.6,35398.5,17980.0,40790.3
new_accounts,2027-04,24209.6,18193.5,32215.1,15640.0,37474.8
new_accounts,2027-05,25613.7,18918.7,34677.9,16115.2,40710.6
new_accounts,2027-06,21774.9,15829.6,29953.1,13370.9,35461.1
new_accounts,2027-07,21326.8,15266.0,29794.0,12789.6,35562.7
new_accounts,2027-08,24126.5,17020.3,34199.5,14149.9,41137.1
unsecured_loans_mil,2026-09,663295.0,660548.6,666052.9,659099.3,667517.5
unsecured_loans_mil,2026-10,670671.3,665527.9,675854.4,662821.1,678614.4
unsecured_loans_mil,2026-11,680162.1,672449.0,687963.6,668401.4,692129.6
unsecured_loans_mil,2026-12,671121.8,661015.2,681383.0,655726.9,686878.2
unsecured_loans_mil,2027-01,677025.0,664326.3,689966.4,657700.7,696917.1
unsecured_loans_mil,2027-02,681024.5,665778.2,696619.9,657846.0,705019.7
unsecured_loans_mil,2027-03,687326.0,669507.7,705618.5,660263.1,715498.2
unsecured_loans_mil,2027-04,696542.7,676098.1,717605.6,665519.5,729012.2
unsecured_loans_mil,2027-05,704913.6,681889.7,728715.0,670007.5,741638.3
unsecured_loans_mil,2027-06,698248.9,673214.5,724214.3,660327.4,738348.2
unsecured_loans_mil,2027-07,699967.5,672720.7,728317.8,658729.2,743787.4
unsecured_loans_mil,2027-08,707010.4,677398.8,737916.4,662228.8,754820.2
