observation_date,LCEAMN01JPM659S
2010-01-01,1.90476189630000
2010-02-01,3.83795309630000
2010-03-01,4.26894343450000
2010-04-01,5.10638297390000
2010-05-01,4.45387063100000
2010-06-01,6.40732264630000
2010-07-01,4.88069414340000
2010-08-01,3.97905759280000
2010-09-01,3.11526480120000
2010-10-01,2.48447204210000
2010-11-01,4.07949790760000
2010-12-01,4.14847161690000
2011-01-01,3.01142264290000
2011-02-01,1.43737166150000
2011-03-01,1.53531218710000
2011-04-01,-0.60728745010000
2011-05-01,-0.40609137440000
2011-06-01,5.26881720880000
2011-07-01,2.99896586870000
2011-08-01,-0.50352467500000
2011-09-01,0.60422960800000
2011-10-01,1.21212121360000
2011-11-01,1.50753769530000
2011-12-01,4.61215933100000
2012-01-01,-0.60483871040000
2012-02-01,1.51821863040000
2012-03-01,1.10887097070000
2012-04-01,1.52749491530000
2012-05-01,1.83486238750000
2012-06-01,1.22574055300000
2012-07-01,-3.61445782560000
2012-08-01,1.01214575360000
2012-09-01,-1.50150149820000
2012-10-01,-1.99600798310000
2012-11-01,-4.05940594680000
2012-12-01,-2.30460922270000
2013-01-01,0.10141987670000
2013-02-01,-1.39581257050000
2013-03-01,-2.39282153810000
2013-04-01,-1.00300903160000
2013-05-01,-1.10110110400000
2013-06-01,-0.80726539620000
2013-07-01,0.62500000070000
2013-08-01,-1.20240481100000
2013-09-01,0.20325202940000
2013-10-01,0.91649695120000
2013-11-01,1.75438596870000
2013-12-01,1.02564103030000
2014-01-01,0.81053697830000
2014-02-01,0.20222447620000
2014-03-01,1.94075587390000
2014-04-01,1.62107396680000
2014-05-01,1.31578947360000
2014-06-01,3.45879960070000
2014-07-01,4.76190476040000
2014-08-01,2.53549695860000
2014-09-01,1.11561866420000
2014-10-01,0.40363268800000
2014-11-01,0.50709939380000
2014-12-01,1.62436547730000
2015-01-01,0.10050251100000
2015-02-01,0.50454085990000
2015-03-01,0.30060119770000
2015-04-01,-0.19940180150000
2015-05-01,0.29970030510000
2015-06-01,-2.45821042400000
2015-07-01,0.49407114850000
2015-08-01,-1.08803165470000
2015-09-01,1.00300902150000
2015-10-01,1.10552764120000
2015-11-01,1.51362260010000
2015-12-01,0.79920079680000
2016-01-01,0.50200803440000
2016-02-01,0.90361446400000
2016-03-01,0.39960040340000
2016-04-01,0.19980020670000
2016-05-01,-0.29880478620000
2016-06-01,1.10887097070000
2016-07-01,1.27826941970000
2016-08-01,1.60000000520000
2016-09-01,0.19860972880000
2016-10-01,1.09343936680000
2016-11-01,0.59642147190000
2016-12-01,0.69375620340000
2017-01-01,2.29770230210000
2017-02-01,1.49253731020000
2017-03-01,0.09950248600000
2017-04-01,1.39581256050000
2017-05-01,1.19880120020000
2017-06-01,1.69491524780000
2017-07-01,0.00000000000000
2017-08-01,0.29527558590000
2017-09-01,2.67591675750000
2017-10-01,0.88495574830000
2017-11-01,0.59288537620000
2017-12-01,2.06692913120000
2018-01-01,-0.19531250680000
2018-02-01,0.68627450900000
2018-03-01,2.78330019540000
2018-04-01,1.27826941970000
2018-05-01,0.49358341780000
2018-06-01,2.84313725990000
2018-07-01,1.74757280780000
2018-08-01,1.37389597480000
2018-09-01,0.00000000000000
2018-10-01,1.07212475920000
2018-11-01,2.65225933010000
2018-12-01,1.83220829360000
2019-01-01,0.39138943620000
2019-02-01,0.00000000000000
2019-03-01,0.67698259110000
2019-04-01,0.38834950850000
2019-05-01,4.51866404580000
2019-06-01,-0.76263108450000
2019-07-01,-0.66793893050000
2019-08-01,1.25847047420000
2019-09-01,-0.28957529470000
2019-10-01,-0.19286403750000
2019-11-01,1.33971291700000
2019-12-01,-1.13636363770000
2020-01-01,-0.97465886400000
2020-02-01,-0.38948392770000
2020-03-01,-2.88184437420000
2020-04-01,-2.80464216160000
2020-05-01,-5.82706767280000
2020-06-01,-6.62824206850000
2020-07-01,-5.37944283710000
2020-08-01,-4.49330783670000
2020-09-01,-2.51694094840000
2020-10-01,-1.93236714890000
2020-11-01,-4.34372048990000
2020-12-01,-5.07662835030000
2021-01-01,0.98425196300000
2021-02-01,0.19550341830000
2021-03-01,1.68150345560000
2021-04-01,2.38805970420000
2021-05-01,2.89421158200000
2021-06-01,4.21810699210000
2021-07-01,2.13197969280000
2021-08-01,3.60360359770000
2021-09-01,2.58192651410000
2021-10-01,1.37931035310000
2021-11-01,1.57946693510000
2021-12-01,1.71543894410000
2022-01-01,0.48732943690000
2022-02-01,1.07317073460000
2022-03-01,0.48638132520000
2022-04-01,1.84645285760000
2022-05-01,-1.06692531810000
2022-06-01,1.28331688040000
2022-07-01,3.87673956210000
2022-08-01,0.19323672170000
2022-09-01,0.38722168810000
2022-10-01,1.06899902130000
2022-11-01,2.33236150890000
2022-12-01,2.87698413210000
2023-01-01,1.55189136290000
2023-02-01,0.86872586490000
2023-03-01,2.51694094840000
2023-04-01,0.38167939300000
2023-05-01,5.58823529580000
2023-06-01,4.87329434940000
2023-07-01,0.95693780340000
2023-08-01,2.70009642870000
2023-09-01,2.70009642870000
2023-10-01,2.11538462110000
2023-11-01,0.47483381030000
2023-12-01,2.79652844260000
2024-01-01,1.81470869210000
2024-02-01,2.20095694200000
2024-03-01,0.56657223860000
2024-04-01,2.56653992220000
2024-05-01,0.55710306470000
2024-06-01,3.71747211700000
2024-07-01,4.26540284360000
2024-08-01,2.53521126590000
2024-09-01,3.19248826040000
2024-10-01,3.86064029780000
2024-11-01,3.68620037760000
2024-12-01,4.87804878000000
2025-01-01,3.84615385230000
2025-02-01,4.21348314610000
2025-03-01,5.16431925330000
2025-04-01,4.07784986270000
2025-05-01,3.50877193080000
2025-06-01,7.25806452010000
2025-07-01,3.99999999230000
2025-08-01,3.93772894090000
2025-09-01,3.63967243690000
2025-10-01,3.80779692190000
2025-11-01,4.55788514360000
2025-12-01,3.84615384930000
2026-01-01,4.24570912100000
2026-02-01,5.21114106010000
2026-03-01,4.28571428160000
2026-04-01,5.16473731077429
2026-05-01,4.01427297056196
2026-06-01,5.76441102756871
